Tiempo,Unnamed: 0,E_Zenith,E_Azimuth,Zenith,Azimuth
2020-05-04 13:22:00+02:00,0,-6.1805555555555545,10.863212810114305,26.562296266683184,152.4936785808236
2020-05-04 13:25:00+02:00,0,-2.2916666666666665,13.610184289565609,26.304825704442827,154.00510271041117
2020-05-04 13:26:00+02:00,0,-6.8055555555555545,12.045571907987211,26.222013717682437,154.5144764982648
2020-05-04 17:32:00+02:00,0,8.333333333333332,17.287554930194972,49.45490471667217,255.74332635836544
2020-05-04 17:33:00+02:00,0,8.333333333333332,17.146787221114952,49.63925078724039,255.94541726530394
2020-05-04 17:34:00+02:00,0,8.402777777777779,17.13548501140116,49.82375963588037,256.14669950843796
2020-05-04 18:15:00+02:00,0,9.930555555555557,15.491950210261564,57.496268079564736,263.81512555767216
2020-05-04 18:21:00+02:00,0,10.069444444444443,15.21195027983731,58.63144727455506,264.85977721508357
2020-05-04 18:22:00+02:00,0,10.0,15.18981070734344,58.82083477198343,265.03235792629266
2020-05-04 18:26:00+02:00,0,10.208333333333334,15.06575365671682,59.57886257691276,265.7185442108458
2020-05-04 18:29:00+02:00,0,10.416666666666666,14.948242906750634,60.14783438254109,266.22900949680155
2020-05-04 19:02:00+02:00,0,11.666666666666664,14.881492788713615,66.41867591493104,271.6518186465434
2020-05-04 19:06:00+02:00,0,11.25,14.428514198548443,67.17872921261865,272.29016056611636
2020-05-04 19:07:00+02:00,0,11.111111111111109,14.366514990408804,67.36869323798827,272.4492529968682
2020-05-04 19:08:00+02:00,0,10.555555555555557,14.344779535887938,67.55863465431679,272.6081568868242
2020-05-04 19:09:00+02:00,0,10.416666666666666,14.171220605722,67.74855202543813,272.7668765236819
2020-05-04 19:10:00+02:00,0,10.486111111111109,13.905028313107836,67.93844404678788,272.9254162722518
2020-05-04 19:11:00+02:00,0,10.486111111111109,13.911075310175931,68.12830903733952,273.0837801509499
2020-05-04 19:12:00+02:00,0,10.625,13.790354944553599,68.31814570135391,273.24197246834
2020-05-04 19:13:00+02:00,0,10.763888888888891,13.765446646784026,68.50795262030523,273.39999739938656
2020-05-04 19:15:00+02:00,0,10.625,13.928059305399756,68.8874715685881,273.715561666912
2020-05-04 19:17:00+02:00,0,10.277777777777775,13.756077922876216,69.26685461297613,274.0305058193696
2020-05-04 19:19:00+02:00,0,10.555555555555557,13.933112169149867,69.64609054123014,274.34486230813434
2020-05-04 19:21:00+02:00,0,10.208333333333334,14.011424211771612,70.02516832179293,274.6586632890467
2020-05-04 19:23:00+02:00,0,9.861111111111109,13.807970818529668,70.40407659223997,274.9719402152522
2020-05-04 19:25:00+02:00,0,9.305555555555557,13.841258351586704,70.78280441521478,275.28472447873594
2020-05-04 19:32:00+02:00,0,8.888888888888891,13.565126154649706,72.10677208365692,276.3760331022409
2020-05-04 19:34:00+02:00,0,9.791666666666666,13.201090091304591,72.484551986021,276.68697808354483
2020-05-04 19:36:00+02:00,0,8.402777777777779,12.985510234465778,72.86209121630654,276.9975962874342
2020-05-04 19:38:00+02:00,0,8.26388888888889,13.45961423595975,73.23937890752751,277.3079168390029
2020-05-04 19:40:00+02:00,0,8.333333333333332,13.318528662458618,73.61640420755967,277.61796856976326
2020-05-04 19:42:00+02:00,0,7.708333333333334,13.620350112082914,73.99315627660444,277.9277800284503
2020-05-04 19:44:00+02:00,0,7.847222222222222,13.644956079474927,74.36962441079672,278.2373795953123
2020-05-04 19:47:00+02:00,0,8.125,13.491179756993516,74.93377012701472,278.7014425042067
2020-05-04 19:49:00+02:00,0,8.125,13.348747375263256,75.30948062276116,279.0106339767933
2020-05-04 19:51:00+02:00,0,7.916666666666668,12.941328307185302,75.68486916768721,279.3197104021744
2020-05-04 19:53:00+02:00,0,7.430555555555557,12.81884287912959,76.05992492823339,279.6286989411583
2020-05-04 19:55:00+02:00,0,7.222222222222222,13.029858206733195,76.43463718540076,279.9376266331859
2020-05-04 19:57:00+02:00,0,7.847222222222222,13.248297678136225,76.8089948300124,280.2465199910499
2020-05-04 19:59:00+02:00,0,8.958333333333334,13.407083343345278,77.1829871144278,280.55540563123293
2020-05-04 20:01:00+02:00,0,9.027777777777779,13.583448153018534,77.55660314421317,280.8643098653289
2020-05-04 20:03:00+02:00,0,9.236111111111109,13.9015398072936,77.92983200346785,281.17325881350473
2020-05-04 20:05:00+02:00,0,9.305555555555557,13.55930797555152,78.30266274928759,281.48227840987465
2020-05-04 20:07:00+02:00,0,9.097222222222225,13.151554831789493,78.67508453448967,281.79139451419525
2020-05-04 20:09:00+02:00,0,8.75,13.228302549799366,79.04708610628126,282.10063250512894
2020-05-04 20:11:00+02:00,0,8.541666666666668,13.730178285302033,79.41865654999428,282.4100179068734
2020-05-04 20:13:00+02:00,0,8.055555555555555,13.622535542315573,79.78978478926122,282.7195759835649
2020-05-04 20:15:00+02:00,0,6.944444444444443,13.73998149266549,80.16045970588219,283.02933184761434
2020-05-04 20:17:00+02:00,0,6.8055555555555545,13.61286836157268,80.53067026058451,283.3393105696563
2020-05-04 20:19:00+02:00,0,6.666666666666666,11.757155248602315,80.90040499682104,283.64953677142074
2020-05-04 20:21:00+02:00,0,6.111111111111112,13.48046965125735,81.26965277887741,283.96003525207743
2020-05-04 20:23:00+02:00,0,5.5555555555555545,12.314625075174833,81.63840229539277,284.27083058092416
2020-05-04 20:25:00+02:00,0,4.791666666666667,12.188096941963634,82.00664217829394,284.58194720483925
2020-05-04 20:27:00+02:00,0,4.236111111111112,12.041419317470856,82.3743610009551,284.89340945454825
2020-05-04 20:29:00+02:00,0,4.027777777777779,11.769790213189141,82.74154739945963,285.20524165537864
2020-05-04 20:31:00+02:00,0,4.097222222222221,11.945626874664981,83.10818957509882,285.5174677119718
2020-05-04 20:33:00+02:00,0,3.888888888888889,12.220957211877876,83.47427603295043,285.83011174281745
2020-05-04 20:35:00+02:00,0,3.611111111111111,12.08979621731686,83.83979508414214,286.1431976649353
2020-05-04 20:37:00+02:00,0,2.986111111111111,12.088158745728492,84.20473496724628,286.45674930380926
2020-05-04 20:39:00+02:00,0,2.7777777777777777,12.606815290871848,84.56908384659344,286.7707903987323
2020-05-04 20:42:00+02:00,0,2.2916666666666665,11.948821751902983,85.11447306959555,287.24282160170407
2020-05-04 20:44:00+02:00,0,2.2916666666666665,11.196992556413703,85.47729213560108,287.5581896598475
2020-05-04 20:46:00+02:00,0,2.1527777777777777,11.057503488620567,85.83947813753014,287.87412963367797
2020-05-04 20:48:00+02:00,0,2.2222222222222223,11.515148540480256,86.20101886712895,288.19066492143037
2020-05-04 20:50:00+02:00,0,2.083333333333333,9.744278086569409,86.561902024919,288.5078188550306
2020-05-04 20:52:00+02:00,0,0.4166666666666666,8.595446217176004,86.92211533916527,288.82561481105233
2020-05-04 20:54:00+02:00,0,2.430555555555556,14.48444957052209,87.28164608134753,289.1440757884559
2020-05-04 20:56:00+02:00,0,2.0138888888888893,14.805319412697315,87.64048178579357,289.4632250489313
2020-05-04 20:58:00+02:00,0,0.1388888888888889,9.670587030668004,87.99860976641948,289.78308569625295
2020-05-04 21:00:00+02:00,0,1.1805555555555556,14.054700602663331,88.35601723256107,290.10368078340986
2020-05-05 07:15:00+02:00,0,-6.458333333333332,4.552715466951952,89.74090994378231,68.47803822492784
2020-05-05 07:17:00+02:00,0,-6.3888888888888875,3.2186488648831637,89.38629377307177,68.80112117388796
2020-05-05 07:20:00+02:00,0,-6.527777777777778,3.947118799549372,88.85292197481019,69.28419318237013
2020-05-05 07:22:00+02:00,0,-5.347222222222221,3.5946595497945,88.49639480746481,69.60523961136647
2020-05-05 07:24:00+02:00,0,-5.1388888888888875,4.852984469203676,88.13912627507995,69.92551124424745
2020-05-05 07:26:00+02:00,0,-4.513888888888889,5.6144460832163645,87.78112915757059,70.24503108662327
2020-05-05 07:28:00+02:00,0,-5.1388888888888875,5.2591011912762715,87.42241624518746,70.56382208199318
2020-05-05 07:30:00+02:00,0,-5.0694444444444455,4.893454497374705,87.06300022404918,70.88190721998342
2020-05-05 07:32:00+02:00,0,-4.027777777777779,3.608881877043842,86.70289355524058,71.1993096477375
2020-05-05 07:34:00+02:00,0,-3.4722222222222214,5.996805908277138,86.34210896297422,71.51605224524798
2020-05-05 07:36:00+02:00,0,-2.2916666666666665,7.072289733063911,85.9806587117799,71.83215826779605
2020-05-05 07:38:00+02:00,0,-1.4583333333333333,8.016921652510007,85.61855509087835,72.1476509241001
2020-05-05 07:40:00+02:00,0,-5.0,3.9703370946947127,85.25581029856725,72.46255348413223
2020-05-05 07:42:00+02:00,0,-4.861111111111111,3.7293105554387855,84.89243644218715,72.77688928497366
2020-05-05 07:44:00+02:00,0,-5.0,4.098401140022816,84.52844542103955,73.09068183749469
2020-05-05 07:46:00+02:00,0,-4.791666666666667,4.007401808486009,84.16384941640248,73.40395441044399
2020-05-05 07:48:00+02:00,0,-4.861111111111111,3.677899589842042,83.79866016098828,73.71673066647827
2020-05-05 07:50:00+02:00,0,-4.236111111111112,2.897278806043005,83.43288943196207,74.0290342432748
2020-05-05 07:52:00+02:00,0,-3.1944444444444438,2.347327848817997,83.06654892903904,74.34088886538814
2020-05-05 07:54:00+02:00,0,-2.9166666666666665,3.1274366670521085,82.69965027957515,74.65231834668344
2020-05-05 07:56:00+02:00,0,-2.430555555555556,2.534859157667768,82.33220491700581,74.96334670002074
2020-05-05 07:58:00+02:00,0,-1.7361111111111107,2.638170832258993,81.96422457558819,75.27399772583516
2020-05-05 08:00:00+02:00,0,-0.9722222222222222,3.1348216272604645,81.59572055631628,75.58429564078637
2020-05-05 08:02:00+02:00,0,0.5555555555555556,3.683372616287471,81.22670421965671,75.89426466778968
2020-05-05 08:04:00+02:00,0,1.4583333333333333,4.325800835974036,80.85718686759026,76.20392914366221
2020-05-05 08:06:00+02:00,0,1.3194444444444444,3.8645214209319647,80.4871796212958,76.51331362903971
2020-05-05 08:08:00+02:00,0,1.25,3.449978948626637,80.11669391935845,76.82244249997177
2020-05-05 08:10:00+02:00,0,0.9722222222222222,3.4144378512160074,79.74574077867776,77.13134057403016
2020-05-05 08:12:00+02:00,0,1.1111111111111112,3.2684339892599614,79.3743312906619,77.44003270351294
2020-05-05 08:15:00+02:00,0,1.6666666666666663,3.2608746897040533,78.81638556187421,77.90273946846679
2020-05-05 08:17:00+02:00,0,1.6666666666666663,3.1599262550269884,78.44388332006034,78.21102652206088
2020-05-05 08:19:00+02:00,0,1.5277777777777777,3.3083025320393062,78.07096334188991,78.51919567937864
2020-05-05 08:21:00+02:00,0,1.6666666666666663,2.2626564378280136,77.69763641487172,78.82727259107173
2020-05-05 08:23:00+02:00,0,2.7777777777777777,2.5870360205890397,77.32391341847105,79.1352829782648
2020-05-05 08:25:00+02:00,0,4.166666666666666,2.683326059904516,76.94980520476585,79.44325274100589
2020-05-05 08:27:00+02:00,0,4.027777777777779,2.3769342250121213,76.57532259873481,79.75120796784176
2020-05-05 08:29:00+02:00,0,4.513888888888889,2.626290607515699,76.20047627807197,80.05917504451804
2020-05-05 08:31:00+02:00,0,3.541666666666667,2.545117482609584,75.82527727810827,80.3671802495129
2020-05-05 08:33:00+02:00,0,2.3611111111111107,2.764299183434588,75.44973623985656,80.67525038228223
2020-05-05 08:35:00+02:00,0,2.5694444444444438,2.7046733505767118,75.07386391827912,80.98341235631227
2020-05-05 08:37:00+02:00,0,2.430555555555556,2.710107175929608,74.69767105711304,81.29169331297982
2020-05-05 08:39:00+02:00,0,2.8472222222222223,2.6687703354047296,74.32116839461413,81.60012062804833
2020-05-05 08:41:00+02:00,0,2.708333333333333,2.995578055657319,73.94436653944634,81.90872202478408
2020-05-05 08:43:00+02:00,0,2.708333333333333,3.0837943128907166,73.56727647848281,82.21752516980985
2020-05-05 08:45:00+02:00,0,2.430555555555556,3.3128452070274363,73.18990882462138,82.52655830115333
2020-05-05 08:47:00+02:00,0,2.083333333333333,3.5480362777228147,72.81227432274133,82.83584982612246
2020-05-05 08:49:00+02:00,0,1.9444444444444444,3.805248769674705,72.43438372938346,83.1454284324393
2020-05-05 08:51:00+02:00,0,1.6666666666666663,3.951922156814192,72.05624768846236,83.45532320298548
2020-05-05 08:53:00+02:00,0,1.7361111111111107,3.9589803505790537,71.67787724105304,83.76556321116675
2020-05-05 08:55:00+02:00,0,1.875,4.291904893461151,71.29928307086652,84.07617815271283
2020-05-05 08:57:00+02:00,0,2.083333333333333,4.413636411328298,70.92047601224037,84.38719794323873
2020-05-05 08:59:00+02:00,0,2.2916666666666665,4.426670397792492,70.54146692967475,84.69865283108618
2020-05-05 09:01:00+02:00,0,2.430555555555556,4.441158354261319,70.16226672069809,85.01057340943447
2020-05-05 09:03:00+02:00,0,1.6666666666666663,4.454069615160846,69.78288619150608,85.32299073364163
2020-05-05 09:05:00+02:00,0,1.3194444444444444,4.138934482155861,69.40333657202825,85.63593591215039
2020-05-05 09:07:00+02:00,0,1.9444444444444444,4.10667654984411,69.02362875572513,85.94944074809132
2020-05-05 09:10:00+02:00,0,0.06944444444444445,2.7076099132018783,68.4537946399948,86.42081767228382
2020-05-05 09:12:00+02:00,0,1.1805555555555556,2.4021793262883198,68.07373987876649,86.73586294527036
2020-05-05 09:14:00+02:00,0,-0.2777777777777778,1.590112692608045,67.69356578027777,87.05158210773999
2020-05-05 09:16:00+02:00,0,1.4583333333333333,0.9541100707683938,67.31328387673845,87.36800851783227
2020-05-05 09:18:00+02:00,0,0.5555555555555556,1.429789361602502,66.93290538584512,87.68517630571927
2020-05-05 09:20:00+02:00,0,0.4166666666666666,0.8677525688104026,66.55244172783244,88.0031199626954
2020-05-05 09:22:00+02:00,0,2.2222222222222223,1.8528072507766356,66.17190440174338,88.32187446261196
2020-05-05 09:24:00+02:00,0,-0.2777777777777778,1.54080124245192,65.79130498932392,88.641475277864
2020-05-05 09:26:00+02:00,0,1.8055555555555556,0.8602888758461802,65.41065503488205,88.9619585004881
2020-05-05 09:28:00+02:00,0,0.9722222222222222,0.957883531402956,65.02996655812932,89.28336043039354
2020-05-05 09:30:00+02:00,0,2.430555555555556,0.7505203638579871,64.64925129619927,89.60571823429137
2020-05-05 09:32:00+02:00,0,2.5694444444444438,2.214055227497141,64.26852121846568,89.9290695339048
2020-05-05 09:34:00+02:00,0,3.125,2.300579070940813,63.88778840342346,90.2534525313709
2020-05-05 09:36:00+02:00,0,3.9583333333333335,2.489682890737214,63.50706491918825,90.57890613412343
2020-05-05 09:38:00+02:00,0,3.055555555555556,2.4010103442799107,63.12636333711822,90.90546953856591
2020-05-05 09:40:00+02:00,0,2.3611111111111107,2.1296893748709067,62.745695974327035,91.23318290129527
2020-05-05 09:42:00+02:00,0,-0.9027777777777776,1.3520380337066058,62.36507540941688,91.56208692291096
2020-05-05 09:44:00+02:00,0,0.9027777777777776,-0.24660903183806224,61.984514360029536,91.89222297750166
2020-05-05 09:46:00+02:00,0,-0.5555555555555556,3.8433127424681857,61.60402569181771,92.22363313054029
2020-05-05 09:48:00+02:00,0,0.4861111111111111,2.8014702918844137,61.22362229473198,92.55636027372236
2020-05-05 09:50:00+02:00,0,-1.3194444444444444,2.594206399888151,60.843317602473874,92.89044769726729
2020-05-05 09:52:00+02:00,0,-0.1388888888888889,1.461037430805476,60.46312483319704,93.22593978180993
2020-05-05 09:54:00+02:00,0,-1.7361111111111107,1.7611336882607134,60.08305750589037,93.56288157576574
2020-05-05 09:56:00+02:00,0,-0.625,2.6471660877528222,59.70312932269907,93.90131892729232
2020-05-05 09:58:00+02:00,0,-0.4166666666666666,3.0009383259908877,59.32335417375652,94.24129851012782
2020-05-05 10:01:00+02:00,0,-0.8333333333333333,2.2003566077898427,58.754009137056535,94.75426387316952
2020-05-05 10:03:00+02:00,0,-1.875,4.66495811312322,58.37467866172807,95.09830885608784
2020-05-05 10:05:00+02:00,0,1.3194444444444444,2.7618742671042473,57.995551446215764,95.44406626845824
2020-05-05 10:07:00+02:00,0,1.6666666666666663,2.7657338326103518,57.61664233480859,95.79158679751532
2020-05-05 10:14:00+02:00,0,-0.8333333333333333,2.6403557664807806,56.292397832092036,97.02254804628069
2020-05-05 10:16:00+02:00,0,0.06944444444444445,3.2628092747426933,55.9146604206942,97.37865634657635
2020-05-05 10:19:00+02:00,0,-2.1527777777777777,2.601986599429836,55.34862986210546,97.91669896794315
2020-05-05 10:21:00+02:00,0,-1.8055555555555556,1.1965628406381086,54.97168397962876,98.27806516176724
2020-05-05 10:23:00+02:00,0,-0.9722222222222222,3.4686671260647297,54.595084376912325,98.64163692402269
2020-05-05 10:25:00+02:00,0,1.8055555555555556,3.0128722392218212,54.21884825113275,99.00747477636048
2020-05-05 10:27:00+02:00,0,1.9444444444444444,3.415990188605804,53.84299325600672,99.37564035378222
2020-05-05 10:29:00+02:00,0,-0.8333333333333333,3.758357336443652,53.46753738651214,99.74619656000266
2020-05-05 10:31:00+02:00,0,-0.3472222222222222,2.7452817449536444,53.09249899394589,100.11920759924891
2020-05-05 10:33:00+02:00,0,-0.625,3.060349531625917,52.71789667062338,100.49473914025737
2020-05-05 10:35:00+02:00,0,-0.5555555555555556,2.306063191114788,52.343749768017766,100.87285784493463
2020-05-05 10:37:00+02:00,0,0.0,2.5784483955213204,51.970077655956054,101.25363216111475
2020-05-05 10:39:00+02:00,0,-1.0416666666666663,2.9340349893471966,51.596900238469225,101.63713185775305
2020-05-05 10:41:00+02:00,0,-0.5555555555555556,3.479663009014075,51.224237845333285,102.02342818550136
2020-05-05 10:43:00+02:00,0,-0.3472222222222222,2.4833083037127044,50.85211124454696,102.4125939177946
2020-05-05 10:45:00+02:00,0,-0.2083333333333333,3.651859843906209,50.48054153604134,102.80470351911458
2020-05-05 10:47:00+02:00,0,0.5555555555555556,2.7024350762170566,50.10955066506578,103.19983265858474
2020-05-05 10:49:00+02:00,0,-0.2083333333333333,2.9319673818031617,49.739160690446056,103.59805903982488
2020-05-05 10:51:00+02:00,0,-1.3194444444444444,4.016512442680096,49.36939430287368,103.99946191397919
2020-05-05 10:53:00+02:00,0,-1.1805555555555556,2.5822764820723023,49.00027471539761,104.40412225457203
2020-05-05 10:55:00+02:00,0,-1.1111111111111112,2.2721354430168788,48.63182556088749,104.81212293366661
2020-05-05 10:57:00+02:00,0,-1.4583333333333333,2.566447216268358,48.2640714040494,105.22354821632996
2020-05-05 11:00:00+02:00,0,-1.4583333333333333,2.506150046530621,47.71379768531794,105.84729701128703
2020-05-05 11:02:00+02:00,0,-1.3888888888888888,2.249485959104078,47.34789096395708,106.26766622135045
2020-05-05 11:04:00+02:00,0,-1.5972222222222219,2.159362732241334,46.982768937089666,106.69177087384719
2020-05-05 11:06:00+02:00,0,-1.4583333333333333,2.1786546990161355,46.61845857980948,107.11970429189711
2020-05-05 11:08:00+02:00,0,-1.8055555555555556,1.9579107941343068,46.25498790997552,107.5515614059666
2020-05-05 11:10:00+02:00,0,-1.9444444444444444,1.507890259115186,45.892385281097866,107.98743965407374
2020-05-05 11:12:00+02:00,0,-1.875,1.7659125795598245,45.530679894334384,108.42743845219263
2020-05-05 11:14:00+02:00,0,-1.8055555555555556,2.435833208060501,45.16990170007914,108.87165937967256
2020-05-05 11:16:00+02:00,0,-1.9444444444444444,1.6374129993368172,44.8100814259561,109.32020621704942
2020-05-05 11:18:00+02:00,0,-1.5972222222222219,2.3040141736949806,44.451250480409676,109.77318514184134
2020-05-05 11:20:00+02:00,0,-1.875,2.5343049520509737,44.093441463176404,110.2307041554605
2020-05-05 11:22:00+02:00,0,-2.0138888888888893,2.242606287489309,43.736687470385725,110.69287403326746
2020-05-05 11:24:00+02:00,0,-2.1527777777777777,2.4695699746575315,43.381022603978394,111.15980775599928
2020-05-05 11:26:00+02:00,0,-1.9444444444444444,2.5078279171922593,43.026481883182974,111.63162069224597
2020-05-05 11:28:00+02:00,0,-2.430555555555556,2.3355241461562457,42.67310127234069,112.10843063426029
2020-05-05 11:30:00+02:00,0,-2.430555555555556,2.3241033512390743,42.320917596616574,112.5903579874132
2020-05-05 11:32:00+02:00,0,-2.2916666666666665,2.3211325464359334,41.96996904509869,113.07752515072593
2020-05-05 11:34:00+02:00,0,-2.7777777777777777,2.4916091934799454,41.620294494260314,113.57005751204429
2020-05-05 11:36:00+02:00,0,-2.6388888888888893,1.9442930909618497,41.27193401678621,114.06808282116799
2020-05-05 11:38:00+02:00,0,-2.8472222222222223,2.880469612302335,40.92492879532898,114.5717313712027
2020-05-05 11:40:00+02:00,0,-2.9166666666666665,2.0974377857852176,40.57932104458681,115.08113617975772
2020-05-05 11:42:00+02:00,0,-2.1527777777777777,2.555870809251303,40.235154509606005,115.59643231304119
2020-05-05 11:44:00+02:00,0,-2.7777777777777777,2.8951613760599173,39.892473806565405,116.11775791442938
2020-05-05 11:46:00+02:00,0,-2.8472222222222223,2.4409301006754447,39.551324926166366,116.6452535172578
2020-05-05 11:48:00+02:00,0,-2.9166666666666665,2.280226544959504,39.211755156295645,117.17906220393019
2020-05-05 11:50:00+02:00,0,-3.75,2.1943163987557743,38.87381311838132,117.7193295927791
2020-05-05 11:52:00+02:00,0,-3.333333333333333,1.9414084888784373,38.53754869821465,118.26620399152819
2020-05-05 11:55:00+02:00,0,-2.708333333333333,1.80651208767776,38.03641084428705,119.09923321260243
2020-05-05 11:57:00+02:00,0,-2.708333333333333,2.5110369685392873,37.70456899244018,119.66328865498451
2020-05-05 11:59:00+02:00,0,-3.263888888888889,2.227769456140664,37.37459127954135,120.23448851706416
2020-05-05 12:01:00+02:00,0,-3.333333333333333,2.9424820073421074,37.04653439869186,120.81299163122321
2020-05-05 12:03:00+02:00,0,-3.4722222222222214,2.7890312901650702,36.72045653655228,121.3989592119733
2020-05-05 12:05:00+02:00,0,-3.1944444444444438,2.793473045507028,36.3964178512271,121.99255396942249
2020-05-05 12:07:00+02:00,0,-3.4027777777777777,3.0570812416777633,36.07447986040997,122.59394116903496
2020-05-05 12:09:00+02:00,0,-3.611111111111111,3.1705549645639053,35.754705918841374,123.20328772088487
2020-05-05 12:11:00+02:00,0,-3.4722222222222214,3.049135424593288,35.43716115220495,123.82076222125073
2020-05-05 12:13:00+02:00,0,-3.6805555555555562,3.4617668188826363,35.121912497148536,124.44653478514533
2020-05-05 12:15:00+02:00,0,-3.541666666666667,2.425714149310465,34.809028636034924,125.08077707249703
2020-05-05 12:17:00+02:00,0,-4.097222222222221,3.427417135473206,34.49858045698443,125.72366121859784
2020-05-05 12:19:00+02:00,0,-3.75,3.4469291446404777,34.1906404599633,126.37536087901861
2020-05-05 12:21:00+02:00,0,-3.9583333333333335,3.536372885641839,33.885283215622486,127.036050116801
2020-05-05 12:23:00+02:00,0,-4.375,4.0181148591317415,33.582585293652436,127.70590332763413
2020-05-05 12:25:00+02:00,0,-4.236111111111112,3.6122942111860814,33.28262519422358,128.38509515477455
2020-05-05 12:27:00+02:00,0,-4.375,4.3514557101293585,32.98548378121088,129.07379922411747
2020-05-05 12:29:00+02:00,0,-4.027777777777779,3.9504151172257034,32.691243703426835,129.77218913737454
2020-05-05 12:31:00+02:00,0,-4.375,4.21853700773346,32.399989823467685,130.48043714817015
2020-05-05 12:33:00+02:00,0,-4.791666666666667,4.419561836070784,32.11180913570655,131.1987139434459
2020-05-05 12:35:00+02:00,0,-4.9305555555555545,4.745206198844387,31.82679078114363,131.92718816224487
2020-05-05 12:37:00+02:00,0,-5.277777777777779,5.977102092895336,31.545025966221836,132.6660261193107
2020-05-05 12:39:00+02:00,0,-4.583333333333333,5.272606049788066,31.26660834308258,133.41539025557427
2020-05-05 12:41:00+02:00,0,-5.0,6.0189888893205525,30.99163344422624,134.17544001841424
2020-05-05 12:43:00+02:00,0,-5.208333333333333,5.24809867413552,30.72019905392846,134.94633023359927
2020-05-05 12:45:00+02:00,0,-5.277777777777779,5.6613952779520105,30.45240509855369,135.72821066830932
2020-05-05 12:48:00+02:00,0,-4.9305555555555545,5.383808106364597,30.057763697242493,136.92195142694624
2020-05-05 12:50:00+02:00,0,-5.347222222222221,5.463251455251792,29.799521854710797,137.7319227386301
2020-05-05 12:52:00+02:00,0,-5.416666666666666,5.928120576652447,29.545286674896893,138.55335769201452
2020-05-05 12:54:00+02:00,0,-5.486111111111112,5.950180499267192,29.29516732967,139.38637364723212
2020-05-05 12:56:00+02:00,0,-5.5555555555555545,5.373855486978981,29.049274899857345,140.23107836619255
2020-05-05 12:58:00+02:00,0,-5.486111111111112,6.454340820527136,28.807722297238932,141.0875690561328
2020-05-05 13:00:00+02:00,0,-4.236111111111112,6.57576318163555,28.570624095376694,141.95593166952858
2020-05-05 13:02:00+02:00,0,-5.1388888888888875,6.845729041204294,28.33809674467755,142.8362387001893
2020-05-05 13:04:00+02:00,0,-5.486111111111112,7.422083759671523,28.110257976676927,143.72854987660872
2020-05-05 13:06:00+02:00,0,-5.625,7.042107780336153,27.88722699359029,144.63290990985263
2020-05-05 13:08:00+02:00,0,-5.625,8.692530599254724,27.669124240709856,145.54934767876966
2020-05-05 13:10:00+02:00,0,-5.625,8.746984006003599,27.45607117282158,146.47787542516448
2020-05-05 13:12:00+02:00,0,-5.625,8.731039721587052,27.248190361028797,147.41848637033604
2020-05-05 13:14:00+02:00,0,-5.6944444444444455,9.481659046891082,27.045604867284105,148.37115546233088
2020-05-05 13:16:00+02:00,0,-5.902777777777778,9.70838625892759,26.84843832115665,149.33583701044023
2020-05-05 13:18:00+02:00,0,-5.486111111111112,10.53939864410927,26.656814617876584,150.31246389795115
2020-05-05 13:20:00+02:00,0,-5.833333333333332,10.50739737966245,26.470857671756733,151.30094651568038
2020-05-05 13:22:00+02:00,0,-5.347222222222221,11.126988337790694,26.290691095113992,152.30117206466934
2020-05-05 13:24:00+02:00,0,-4.513888888888889,9.530241665798144,26.11643815719519,153.3130022434791
2020-05-05 13:26:00+02:00,0,-7.708333333333334,19.974868396109656,25.948221127515794,154.33627434528466
2020-05-05 13:28:00+02:00,0,-8.472222222222221,15.620697163860967,25.78616120839206,155.37079909411386
2020-05-05 13:30:00+02:00,0,-6.3194444444444455,10.742960742483547,25.63037814831388,156.41636024542368
2020-05-05 13:32:00+02:00,0,-4.097222222222221,14.686686421742618,25.48098985609394,157.47271430680678
2020-05-05 13:34:00+02:00,0,-5.763888888888888,11.428833649603973,25.33811224839475,158.53958861803483
2020-05-05 13:36:00+02:00,0,-5.972222222222222,14.982316103035032,25.201858590615032,159.61668309679067
2020-05-05 13:38:00+02:00,0,-6.111111111111112,15.315132739858653,25.07233933139736,160.70366860371973
2020-05-05 13:40:00+02:00,0,-5.6944444444444455,14.481848663136306,24.949661677592076,161.80018723356056
2020-05-05 13:43:00+02:00,0,-5.833333333333332,15.274341056957724,24.778698724742725,163.46198639138402
2020-05-05 13:45:00+02:00,0,-5.486111111111112,15.83459451747217,24.67356940469925,164.5805850236727
2020-05-05 13:47:00+02:00,0,-5.208333333333333,16.764424379130677,24.575625978730272,165.70724038250273
2020-05-05 13:49:00+02:00,0,-1.9444444444444444,21.13864424855535,24.484956374294057,166.84146949661317
2020-05-05 13:51:00+02:00,0,-6.8055555555555545,18.132740376716587,24.401643268216773,167.9827631895688
2020-05-05 13:53:00+02:00,0,-5.0694444444444455,17.072860265252473,24.32576370313531,169.13058763643937
2020-05-05 13:57:00+02:00,0,-4.9305555555555545,18.935125866536342,24.196583206822083,171.44357912337273
2020-05-05 13:59:00+02:00,0,-3.263888888888889,14.659386130351095,24.143405326222833,172.6075682754606
2020-05-05 14:01:00+02:00,0,-5.0694444444444455,20.5641916156967,24.09790648728864,173.77573688564553
2020-05-05 14:03:00+02:00,0,-6.111111111111112,19.142489102281328,24.060131010660967,174.94745236258768
2020-05-05 14:05:00+02:00,0,-4.791666666666667,22.573907142282447,24.030115933984547,176.12206848300502
2020-05-05 14:07:00+02:00,0,-4.375,22.805604296598894,24.007890829414123,177.29892815813218
2020-05-05 14:09:00+02:00,0,-4.652777777777779,21.45304833678688,23.993477688201708,178.47736435001877
2020-05-05 14:11:00+02:00,0,-3.888888888888889,23.541885510386976,23.98689076954814,179.6567050032612
2020-05-05 14:13:00+02:00,0,-5.972222222222222,22.275460824518234,23.98813656331079,180.83627410202865
2020-05-05 14:15:00+02:00,0,-4.652777777777779,28.13746029587941,23.9972137494764,182.01539473447593
2020-05-05 14:17:00+02:00,0,-5.5555555555555545,29.178385927454315,24.01411321141387,183.19339215515527
2020-05-05 14:19:00+02:00,0,-5.0,24.624164174002342,24.038818055047486,184.36959487235796
2020-05-05 14:21:00+02:00,0,-3.541666666666667,22.494954486972322,24.071303724770843,185.54333962649477
2020-05-05 14:23:00+02:00,0,-4.375,24.906737770439268,24.11153810186518,186.71397235467043
2020-05-05 14:25:00+02:00,0,-3.333333333333333,24.002712824856786,24.159481663106234,187.88085104975173
2020-05-05 14:27:00+02:00,0,-3.333333333333333,24.964144331172065,24.215087667881065,189.0433480885602
2020-05-05 14:30:00+02:00,0,-2.9166666666666665,28.17221733169509,24.312744373674235,190.7775468454061
2020-05-05 14:32:00+02:00,0,-3.055555555555556,25.13007039613399,24.38725669134263,191.9264577932756
2020-05-05 14:34:00+02:00,0,-2.2916666666666665,21.864336259361835,24.46921444283889,193.068934121783
2020-05-05 14:36:00+02:00,0,-2.2916666666666665,23.451262808969172,24.558541517466864,194.20443790152814
2020-05-05 14:38:00+02:00,0,-2.430555555555556,24.72521527113997,24.655156112944823,195.33245562410713
2020-05-05 14:40:00+02:00,0,-1.4583333333333333,24.31556734229926,24.758971116533516,196.4524997992538
2020-05-05 14:42:00+02:00,0,-1.875,24.87212132842626,24.869894320095227,197.56410846010874
2020-05-05 14:44:00+02:00,0,-1.5277777777777777,24.531991254491462,24.98782899628553,198.66684822978618
2020-05-05 14:46:00+02:00,0,-1.5972222222222219,23.92414832869068,25.112674135761267,199.7603134297924
2020-05-05 14:48:00+02:00,0,-2.083333333333333,26.465915355162053,25.24432485735784,200.84412686564036
2020-05-05 14:50:00+02:00,0,-2.708333333333333,30.053055743901577,25.38267278714926,201.91794006332788
2020-05-05 14:52:00+02:00,0,-0.6944444444444444,28.258721900335498,25.52760648355033,202.9814336669741
2020-05-05 14:54:00+02:00,0,-1.7361111111111107,28.163688662799874,25.679011612910287,204.03431590077736
2020-05-05 14:56:00+02:00,0,-2.430555555555556,25.09635208779551,25.836771606775258,205.07632443696272
2020-05-05 14:58:00+02:00,0,-1.1805555555555556,27.087038793850013,26.00076782511634,206.10722454078018
2020-05-05 15:00:00+02:00,0,-1.3888888888888888,28.51381081448989,26.17087995087457,207.1268088879207
2020-05-05 15:02:00+02:00,0,-1.1111111111111112,25.153044339175487,26.346986382700898,208.13489722868238
2020-05-05 15:04:00+02:00,0,-0.2777777777777778,26.08738197387473,26.5289643174316,209.1313342748829
2020-05-05 15:06:00+02:00,0,0.2777777777777778,25.58051986172308,26.716690410603142,210.11599087405503
2020-05-05 15:08:00+02:00,0,0.1388888888888889,25.547871591473843,26.91004083121439,211.08876171540047
2020-05-05 15:10:00+02:00,0,0.06944444444444445,25.557714989390718,27.108891595152045,212.0495646833329
2020-05-05 15:12:00+02:00,0,0.3472222222222222,25.347031965449506,27.313118821337213,212.99833980821222
2020-05-05 15:14:00+02:00,0,0.4166666666666666,25.296409814810204,27.52259904380746,213.9350485008324
2020-05-05 15:16:00+02:00,0,0.8333333333333333,24.582918504926337,27.737209153074055,214.85967119630916
2020-05-05 15:18:00+02:00,0,0.8333333333333333,25.68354457446205,27.95682702271459,215.77220811012077
2020-05-05 15:20:00+02:00,0,-0.06944444444444445,23.52973185321423,28.181331421448967,216.67267685596192
2020-05-05 15:22:00+02:00,0,1.9444444444444444,23.58791124020141,28.41060225430906,217.56111162930586
2020-05-05 15:25:00+02:00,0,1.1111111111111112,25.099094830506004,28.763186159877648,218.87131297798055
2020-05-05 15:27:00+02:00,0,0.6944444444444444,24.604897309053346,29.003856502221637,219.72991122877306
2020-05-05 15:29:00+02:00,0,2.1527777777777777,25.409334075441052,29.248884030272855,220.57670983648188
2020-05-05 15:31:00+02:00,0,0.4166666666666666,24.045208761434736,29.49815549140041,221.41180409746062
2020-05-05 15:33:00+02:00,0,1.875,25.70625567822188,29.751559449516193,222.23530002846846
2020-05-05 15:35:00+02:00,0,0.1388888888888889,22.6287570744106,30.00898636621544,223.04731340754608
2020-05-05 15:37:00+02:00,0,2.430555555555556,22.313290707821263,30.27032875489857,223.847969109007
2020-05-05 15:39:00+02:00,0,2.5694444444444438,23.15912231765347,30.535480885914374,224.63739915028913
2020-05-05 15:41:00+02:00,0,2.6388888888888893,23.02581150747423,30.804339359026493,225.41574346140914
2020-05-05 15:43:00+02:00,0,2.8472222222222223,23.343108535964014,31.0768027886936,226.1831480018468
2020-05-05 15:45:00+02:00,0,3.6805555555555562,23.475212432098488,31.352771920290778,226.93976427939722
2020-05-05 15:47:00+02:00,0,2.986111111111111,23.333644704129934,31.632149741645854,227.68574887953233
2020-05-05 15:49:00+02:00,0,3.263888888888889,22.42762943216439,31.914841119391504,228.4212617994432
2020-05-05 15:51:00+02:00,0,2.708333333333333,22.52675700469615,32.20075336644687,229.14646732172778
2020-05-05 15:53:00+02:00,0,4.097222222222221,23.115816519738274,32.489795864822796,229.8615324178576
2020-05-05 15:55:00+02:00,0,2.9166666666666665,22.265201106818644,32.78188015350127,230.56662645799938
2020-05-05 15:57:00+02:00,0,3.611111111111111,22.36077642638733,33.07691991396713,231.26192069763894
2020-05-05 15:59:00+02:00,0,3.8194444444444446,22.356637304847766,33.374831054315855,231.94758803693975
2020-05-05 16:01:00+02:00,0,3.4027777777777777,21.59319662705556,33.67553128834239,232.6238016711878
2020-05-05 16:03:00+02:00,0,3.4027777777777777,20.86618181717216,33.97894070815596,233.29073606514083
2020-05-05 16:05:00+02:00,0,4.166666666666666,20.959861653727785,34.28498135981799,233.94856566767734
2020-05-05 16:07:00+02:00,0,4.4444444444444455,21.415684630701747,34.59357730999049,234.59746480250945
2020-05-05 16:09:00+02:00,0,4.722222222222221,21.383852441578764,34.90465461366451,235.2376073633497
2020-05-05 16:11:00+02:00,0,4.9305555555555545,21.151056082358593,35.21814138530265,235.8691667471266
2020-05-05 16:13:00+02:00,0,5.347222222222221,21.147797717460374,35.53396733865578,236.4923147532554
2020-05-05 16:15:00+02:00,0,5.347222222222221,21.033942756572856,35.85206438142483,237.10722263105964
2020-05-05 16:18:00+02:00,0,5.277777777777779,20.54445126165953,36.33332356916061,238.01450486957302
2020-05-05 16:20:00+02:00,0,4.861111111111111,19.610427031183008,36.6568119344416,238.609551112828
2020-05-05 16:22:00+02:00,0,5.625,20.37283611387488,36.98234701633953,239.19694392049598
2020-05-05 16:24:00+02:00,0,5.6944444444444455,20.27412561485013,37.30986834845864,239.77684635176016
2020-05-05 16:26:00+02:00,0,5.486111111111112,20.11248981886255,37.639317444525005,240.34941999358986
2020-05-05 16:28:00+02:00,0,6.041666666666668,20.187765266392006,37.97063731820629,240.9148240643623
2020-05-05 16:30:00+02:00,0,6.111111111111112,19.978287092943106,38.30377255227218,241.4732155283865
2020-05-05 16:32:00+02:00,0,6.111111111111112,19.85772157997837,38.63866936715374,242.02474920139196
2020-05-05 16:34:00+02:00,0,6.3888888888888875,20.403218063469264,38.97527513048569,242.56957695232686
2020-05-05 16:36:00+02:00,0,6.3888888888888875,19.64837614058456,39.31353899061987,243.10784876318456
2020-05-05 16:38:00+02:00,0,9.236111111111109,22.616541309165683,39.653411385027,243.63971194261669
2020-05-05 16:40:00+02:00,0,9.027777777777779,19.897918573370053,39.994844114647634,244.16531128459454
2020-05-06 09:15:00+02:00,0,2.2916666666666665,2.7902084582299267,67.31814423988226,86.98106709004492
2020-05-06 09:17:00+02:00,0,2.430555555555556,182.70284477179518,66.93789228778118,87.29715522820482
2020-05-06 09:19:00+02:00,0,2.083333333333333,2.7339502696995623,66.55754125676631,87.61399553096612
2020-05-06 09:21:00+02:00,0,2.083333333333333,2.7684945699461707,66.17710253305711,87.931622674354
2020-05-06 09:23:00+02:00,0,2.0138888888888893,2.3956524448444725,65.79658758148304,88.25007182862265
2020-05-06 09:25:00+02:00,0,2.2222222222222223,2.0194574217089496,65.41600782530224,88.56937877887407
2020-05-06 09:27:00+02:00,0,2.083333333333333,1.6442166510310583,65.03537515887868,88.88957951480171
2020-05-06 09:29:00+02:00,0,1.7361111111111107,1.6282886722818262,64.6547011896898,89.21071088731492
2020-05-06 09:31:00+02:00,0,2.1527777777777777,1.1264217713128346,64.273997753015,89.53281019818553
2020-05-06 09:33:00+02:00,0,2.0138888888888893,1.230702569127175,63.89327678869411,89.85591532510824
2020-05-06 09:35:00+02:00,0,2.2222222222222223,3.758872406616917,63.51255034921486,90.18006473720806
2020-05-06 09:37:00+02:00,0,1.8055555555555556,3.785382370115968,63.131830474938596,90.50529762482347
2020-05-06 09:39:00+02:00,0,1.25,3.648092528053809,62.75112971306757,90.83165347942321
2020-05-06 09:42:00+02:00,0,1.4583333333333333,3.2430651033562303,62.18014137339003,91.32338149410054
2020-05-06 09:44:00+02:00,0,1.4583333333333333,3.3251953679428823,61.79954270976721,91.65272307258817
2020-05-06 09:46:00+02:00,0,1.4583333333333333,3.337071887313498,61.41900710741385,91.98333194727655
2020-05-06 09:48:00+02:00,0,1.4583333333333333,3.3636484755409413,61.038547359316794,92.3152510157206
2020-05-06 09:50:00+02:00,0,1.3194444444444444,3.2664227856070625,60.658176800651944,92.64852358082396
2020-05-06 09:52:00+02:00,0,1.1111111111111112,3.442834012448856,60.27790854754332,92.98319404304686
2020-05-06 09:54:00+02:00,0,1.0416666666666663,3.3524033195115805,59.89775601703106,93.3193074760971
2020-05-06 09:56:00+02:00,0,1.4583333333333333,3.4034021767234313,59.517732805843806,93.65690976206423
2020-05-06 09:58:00+02:00,0,1.5972222222222219,3.4297098836939033,59.13785269694441,93.99604761614455
2020-05-06 10:00:00+02:00,0,1.875,3.357526913922925,58.7581295425826,94.3367687232714
2020-05-06 10:02:00+02:00,0,2.083333333333333,3.0415995264016544,58.37857777874626,94.67912130816308
2020-05-06 10:04:00+02:00,0,1.7361111111111107,3.464806042227877,57.999211672046854,95.02315484413566
2020-05-06 10:06:00+02:00,0,1.9444444444444444,3.687056350825543,57.62004583656309,95.36891962389103
2020-05-06 10:08:00+02:00,0,2.2916666666666665,3.8117377377458297,57.24109511426515,95.71646690139642
2020-05-06 10:10:00+02:00,0,1.1111111111111112,4.005739710397052,56.86237445964746,96.0658490346733
2020-05-06 10:12:00+02:00,0,0.625,3.2398523420828265,56.483899454128355,96.4171190474957
2020-05-06 10:14:00+02:00,0,0.8333333333333333,3.0715037098333937,56.10568555630839,96.77033135890554
2020-05-06 10:16:00+02:00,0,0.06944444444444445,2.911361108044929,55.7277486188931,97.12554134591858
2020-05-06 10:18:00+02:00,0,0.4166666666666666,2.6945046722984505,55.3501047708925,97.48280549177275
2020-05-06 10:20:00+02:00,0,-0.625,1.8008079878723322,54.972770430728986,97.84218141465857
2020-05-06 10:22:00+02:00,0,-0.4861111111111111,3.1206257384241667,54.5957621879948,98.20372802386765
2020-05-06 10:24:00+02:00,0,-0.8333333333333333,3.443973321988864,54.21909732274993,98.56750506437658
2020-05-06 10:26:00+02:00,0,-0.4861111111111111,2.770891009848526,53.84279305768103,98.93357387845782
2020-05-06 10:28:00+02:00,0,-0.1388888888888889,2.725010003368709,53.466867074836046,99.30199695662338
2020-05-06 10:30:00+02:00,0,0.1388888888888889,4.218353080581892,53.091337404046456,99.67283809087297
2020-05-06 10:32:00+02:00,0,0.5555555555555556,3.5918228413057416,52.71622230726098,100.04616253857552
2020-05-06 10:35:00+02:00,0,1.1805555555555556,3.244435313136165,52.15436855830474,100.61095086559328
2020-05-06 10:37:00+02:00,0,-0.2777777777777778,3.4577938219779583,51.780373264667475,100.99077721839842
2020-05-06 10:39:00+02:00,0,-0.9722222222222222,2.968900242705842,51.40686005446513,101.37332578768775
2020-05-06 10:41:00+02:00,0,-0.5555555555555556,2.507139780694956,51.03384910328313,101.75866818639975
2020-05-06 10:43:00+02:00,0,-0.8333333333333333,2.9542205860018957,50.66136102338747,102.14687757538354
2020-05-06 10:45:00+02:00,0,-0.8333333333333333,2.3364394552367567,50.289416757338216,102.53802883276836
2020-05-06 10:47:00+02:00,0,-0.8333333333333333,2.67879046163145,49.918038090261184,102.93219807204821
2020-05-06 10:49:00+02:00,0,-0.6944444444444444,2.582393443974325,49.54724692087717,103.32946346789356
2020-05-06 10:51:00+02:00,0,-0.6944444444444444,2.812300576466754,49.17706577694682,103.72990477568527
2020-05-06 10:53:00+02:00,0,-0.8333333333333333,2.8836823103661966,48.80751770747438,104.13360350587789
2020-05-06 10:55:00+02:00,0,-0.8333333333333333,2.4146699504634057,48.438626180148084,104.54064310156178
2020-05-06 10:57:00+02:00,0,-1.1111111111111112,2.2512869311232464,48.07041559236523,104.95110843796903
2020-05-06 10:59:00+02:00,0,-0.7638888888888888,2.211562610262405,47.70291055135506,105.36508668262809
2020-05-06 11:01:00+02:00,0,-1.3888888888888888,2.460474777615559,47.336136388644235,105.78266679598039
2020-05-06 11:03:00+02:00,0,-1.3194444444444444,1.9555507533849263,46.97011905607346,106.20393971340184
2020-05-06 11:05:00+02:00,0,-1.4583333333333333,2.3075543687154716,46.60488515140777,106.62899838559241
2020-05-06 11:07:00+02:00,0,-1.5277777777777777,2.3623447986109056,46.24046181409845,107.05793797328903
2020-05-06 11:09:00+02:00,0,-1.25,2.3550343322123126,45.87687724079075,107.49085531109245
2020-05-06 11:11:00+02:00,0,-1.875,2.38261305905138,45.51415997488264,107.92784981638306
2020-05-06 11:13:00+02:00,0,-1.3888888888888888,2.5380037090515373,45.15233941929713,108.36902296096417
2020-05-06 11:15:00+02:00,0,-1.6666666666666663,2.6271237487219987,44.79144574215274,108.81447845501799
2020-05-06 11:17:00+02:00,0,-1.9444444444444444,2.728478243775669,44.43150977986201,109.26432244526444
2020-05-06 11:19:00+02:00,0,-1.875,2.2404891836960696,44.072563549111656,109.71866294956908
2020-05-06 11:21:00+02:00,0,-2.1527777777777777,2.618910663450123,43.71463954971773,110.17761080449247
2020-05-06 11:23:00+02:00,0,-2.2222222222222223,2.6335363476233056,43.35777127555079,110.64127910488583
2020-05-06 11:25:00+02:00,0,-2.2222222222222223,2.575438162994459,43.00199312569492,111.1097833896606
2020-05-06 11:28:00+02:00,0,-2.0138888888888893,2.2803683506197103,42.47044743676053,111.82186615054144
2020-05-06 11:30:00+02:00,0,-2.5,1.7920174573797567,42.11755118166338,112.30298242373738
2020-05-06 11:32:00+02:00,0,-2.1527777777777777,1.9787672195065795,41.765873130335294,112.78935868487542
2020-05-06 11:34:00+02:00,0,-1.875,2.6538359660060564,41.415452021204715,113.28112206388101
2020-05-06 11:36:00+02:00,0,-2.2222222222222223,2.6492493408377698,41.066327793973805,113.77840214875494
2020-05-06 11:38:00+02:00,0,-2.1527777777777777,2.606899865932661,40.71854150551861,114.28133116861426
2020-05-06 11:40:00+02:00,0,-2.7777777777777777,2.3427418053445592,40.37213525247956,114.79004417902695
2020-05-06 11:42:00+02:00,0,-2.708333333333333,2.309803415472232,40.02715266991323,115.30467839379457
2020-05-06 11:44:00+02:00,0,-3.125,2.298361171323677,39.683638274584524,115.82537421196514
2020-05-06 11:46:00+02:00,0,-2.986111111111111,2.659825279388997,39.341637967820965,116.35227454001262
2020-05-06 11:48:00+02:00,0,-3.1944444444444438,2.6113838480475806,39.0011989577303,116.88552495743699
2020-05-06 11:50:00+02:00,0,-3.055555555555556,2.5414681694698515,38.6623698013861,117.42527370114186
2020-05-06 11:52:00+02:00,0,-2.986111111111111,2.52816140302383,38.32520033212106,117.97167183042359
2020-05-06 11:54:00+02:00,0,-3.263888888888889,2.4977697406104085,37.98974215188786,118.52487246396038
2020-05-06 11:56:00+02:00,0,-3.263888888888889,2.87127576971858,37.65604799734719,119.0850318362223
2020-05-06 11:58:00+02:00,0,-3.4027777777777777,2.8008832112247997,37.324172232941095,119.65230852114803
2020-05-06 12:00:00+02:00,0,-3.541666666666667,2.901822372901961,36.994170782906714,120.22686354925696
2020-05-06 12:02:00+02:00,0,-3.611111111111111,2.780922768739486,36.66610106422708,120.80886053144525
2020-05-06 12:04:00+02:00,0,-3.888888888888889,2.8699846638858446,36.340022468827826,121.39846478979251
2020-05-06 12:06:00+02:00,0,-3.8194444444444446,2.8948570857918132,36.0159957495516,121.995844421713
2020-05-06 12:08:00+02:00,0,-3.75,3.0960254553862403,35.694083502251644,122.60116940726277
2020-05-06 12:10:00+02:00,0,-3.9583333333333335,3.2501966339565915,35.37435010119739,123.21461166266931
2020-05-06 12:12:00+02:00,0,-4.097222222222221,3.0335527594218377,35.05686174144792,123.83634488642218
2020-05-06 12:14:00+02:00,0,-4.375,3.1100262331429462,34.741686375385825,124.46654459796036
2020-05-06 12:16:00+02:00,0,-4.236111111111112,3.3483221289961587,34.4288941786488,125.1053870877098
2020-05-06 12:19:00+02:00,0,-3.9583333333333335,3.0136130349011983,33.96433197121625,126.0802458513283
2020-05-06 12:21:00+02:00,0,-4.236111111111112,3.272190112055114,33.65781639267869,126.7414761167094
2020-05-06 12:23:00+02:00,0,-4.375,3.2190754162261332,33.35394433276198,127.41197553849622
2020-05-06 12:25:00+02:00,0,-4.583333333333333,3.1466382402894335,33.05279471398235,128.09192428269523
2020-05-06 12:27:00+02:00,0,-4.4444444444444455,3.3312445425077044,32.754448871194576,128.78150168600763
2020-05-06 12:29:00+02:00,0,-4.4444444444444455,4.014315774014507,32.45898997465874,129.480887244877
2020-05-06 12:31:00+02:00,0,-4.791666666666667,3.988352120529101,32.166503463320495,130.19025928685863
2020-05-06 12:33:00+02:00,0,-4.722222222222221,3.8833621788210166,31.87707696396251,130.90979475040166
2020-05-06 12:35:00+02:00,0,-5.208333333333333,3.893796150163468,31.590800311705735,131.63966869021488
2020-05-06 12:37:00+02:00,0,-5.347222222222221,3.0539966325318915,31.30776546865583,132.38005399960753
2020-05-06 12:39:00+02:00,0,-4.791666666666667,3.585094174473312,31.028066910200153,133.13111984501307
2020-05-06 12:41:00+02:00,0,-4.722222222222221,4.67655877812976,30.75180106001342,133.89303253705253
2020-05-06 12:43:00+02:00,0,-4.513888888888889,4.782631702382673,30.479066664828622,134.66595388915226
2020-05-06 12:45:00+02:00,0,-4.9305555555555545,5.0061028217433545,30.209964689692995,135.45004075688206
2020-05-06 12:47:00+02:00,0,-5.5555555555555545,5.450933055525353,29.944598209890394,136.24544456067434
2020-05-06 12:49:00+02:00,0,-5.277777777777779,5.8167661280670035,29.683072737279694,137.0523094237235
2020-05-06 12:51:00+02:00,0,-5.208333333333333,6.476804882880515,29.42549565119439,137.8707729267844
2020-05-06 12:53:00+02:00,0,-5.1388888888888875,6.2799446340743525,29.171976506631886,138.7009641655954
2020-05-06 12:55:00+02:00,0,-5.0694444444444455,7.230102647640906,28.92262688839174,139.5430030796196
2020-05-06 12:57:00+02:00,0,-4.236111111111112,6.0938188318656055,28.677560340693503,140.3969994800632
2020-05-06 12:59:00+02:00,0,-4.583333333333333,7.085674784545488,28.436892204454693,141.26305232874188
2020-05-06 13:01:00+02:00,0,-5.347222222222221,6.626842939511846,28.200739844795585,142.1412475119712
2020-05-06 13:03:00+02:00,0,-5.208333333333333,7.5057031408061325,27.969222055618097,143.03165849852252
2020-05-06 13:05:00+02:00,0,-5.416666666666666,7.825300515386032,27.742459261269367,143.9343440541428
2020-05-06 13:07:00+02:00,0,-5.6944444444444455,8.341444766092168,27.52057329477646,144.84934738338677
2020-05-06 13:09:00+02:00,0,-5.902777777777778,8.903618127352331,27.303687241509245,145.776694962338
2020-05-06 13:12:00+02:00,0,-5.763888888888888,8.67537649997729,26.988004793247278,147.19087564802095
2020-05-06 13:14:00+02:00,0,-5.6944444444444455,8.998972967427507,26.784163645865725,148.14907918365685
2020-05-06 13:16:00+02:00,0,-5.0694444444444455,9.28511880523655,26.58576043432182,149.11957074579578
2020-05-06 13:18:00+02:00,0,-5.6944444444444455,9.094511187516387,26.3929214978641,150.1022868613759
2020-05-06 13:20:00+02:00,0,-5.347222222222221,9.684736023773668,26.20577326430209,151.09714086944075
2020-05-06 13:22:00+02:00,0,-5.347222222222221,10.86415944574918,26.024441920055303,152.10402216720286
2020-05-06 13:24:00+02:00,0,-5.347222222222221,10.772064100162881,25.849053363891684,153.12279381568828
2020-05-06 13:26:00+02:00,0,-5.416666666666666,12.144406258356982,25.679732539239637,154.15329358352324
2020-05-06 13:28:00+02:00,0,-5.763888888888888,12.822559438284486,25.516603357866842,155.1953317141216
2020-05-06 13:30:00+02:00,0,-5.833333333333332,12.481304435077648,25.35978830374404,156.24869045692196
2020-05-06 13:32:00+02:00,0,-5.277777777777779,12.863795465648934,25.209408033705145,157.31312374256618
2020-05-06 13:34:00+02:00,0,-5.1388888888888875,13.99057349635865,25.065581214502146,158.38835519434429
2020-05-06 13:36:00+02:00,0,-5.0,14.119541555662465,24.928423848244336,159.4740798435637
2020-05-06 13:38:00+02:00,0,-4.513888888888889,14.519776327805062,24.79804909329104,160.56996245061237
2020-05-06 13:40:00+02:00,0,-5.0,15.088469737723415,24.67456682567837,161.67563775373537
2020-05-06 13:42:00+02:00,0,-4.861111111111111,15.387776084289612,24.55808324535961,162.7907105641093
2020-05-06 13:44:00+02:00,0,-4.9305555555555545,16.49303583495356,24.44870044683468,163.9147564216122
2020-05-06 13:46:00+02:00,0,-5.1388888888888875,16.612961811546537,24.34651617141786,165.04732055743625
2020-05-06 13:48:00+02:00,0,-4.791666666666667,17.286486515287212,24.251623198154178,166.18792085224447
2020-05-06 13:50:00+02:00,0,-5.416666666666666,20.342916581425182,24.164109113158545,167.3360472259435
2020-05-06 13:52:00+02:00,0,-3.541666666666667,12.674014104648393,24.08405590197583,168.49116313354034
2020-05-06 13:54:00+02:00,0,-4.791666666666667,17.626675790404136,24.011539594328312,169.65270690124134
2020-05-06 13:56:00+02:00,0,-4.722222222222221,19.187886145914806,23.946629906814977,170.82009365552653
2020-05-06 13:58:00+02:00,0,-4.722222222222221,19.682670555454767,23.889390010631416,171.99271551360846
2020-05-06 14:00:00+02:00,0,-4.513888888888889,20.317790792001574,23.839876109423614,173.1699458692351
2020-05-06 14:02:00+02:00,0,-4.375,20.975777928821145,23.798137264081163,174.35113995910103
2020-05-06 14:05:00+02:00,0,-4.305555555555555,20.628933628037373,23.750196284463982,176.12891520145433
2020-05-06 14:07:00+02:00,0,-4.027777777777779,21.37305949867596,23.728060662030245,177.31710268985466
2020-05-06 14:09:00+02:00,0,-4.027777777777779,22.35655711109416,23.71381230332706,178.50689132218304
2020-05-06 14:11:00+02:00,0,-3.888888888888889,22.55143656045135,23.7074656053623,179.69758709676103
2020-05-06 14:13:00+02:00,0,-3.9583333333333335,22.97168322598168,23.70902695305064,180.88849196536066
2020-05-06 14:15:00+02:00,0,-3.8194444444444446,23.590970430886806,23.71849467854196,182.0789070359801
2020-05-06 14:17:00+02:00,0,-3.4722222222222214,23.032881400304827,23.735859076505406,183.26813579551404
2020-05-06 14:19:00+02:00,0,-3.4722222222222214,23.51316322500628,23.761102426550835,184.45548531957564
2020-05-06 14:21:00+02:00,0,-3.333333333333333,24.05638112575608,23.794199115866462,185.64027141194296
2020-05-06 14:23:00+02:00,0,-3.263888888888889,24.506873176888014,23.83511574489343,186.82181969091616
2020-05-06 14:25:00+02:00,0,-3.055555555555556,24.574588564740143,23.883811295324065,187.99946856983237
2020-05-06 14:27:00+02:00,0,-2.9166666666666665,25.7263099487644,23.940237328370785,189.17257170352735
2020-05-06 14:29:00+02:00,0,-2.8472222222222223,24.91321253798873,24.00433823943608,190.34050069619155
2020-05-06 14:31:00+02:00,0,-2.3611111111111107,24.780751363701683,24.076051431168352,191.50264567267507
2020-05-06 14:33:00+02:00,0,-2.430555555555556,25.31318416662432,24.155307732159685,192.65841959442608
2020-05-06 14:35:00+02:00,0,-2.3611111111111107,25.928666254286494,24.242031627918948,193.80725846282473
2020-05-06 14:37:00+02:00,0,-2.0138888888888893,26.77370077929757,24.336141616074983,194.94862326851214
2020-05-06 14:39:00+02:00,0,-1.7361111111111107,27.302710598372894,24.437550560628054,196.08200135315244
2020-05-06 14:41:00+02:00,0,-1.5972222222222219,27.915780932173647,24.546166097218958,197.20690791566543
2020-05-06 14:43:00+02:00,0,-1.5972222222222219,28.13966778704605,24.661890864919386,198.3228854320518
2020-05-06 14:45:00+02:00,0,-1.3888888888888888,28.342650146848484,24.78462311273239,199.42950663004245
2020-05-06 14:47:00+02:00,0,-1.25,28.049960905452078,24.91425694797438,200.52637346954526
2020-05-06 14:49:00+02:00,0,-1.1805555555555556,28.11133387064578,25.050682766514612,201.6131178265251
2020-05-06 14:51:00+02:00,0,-0.9722222222222222,28.00963729090364,25.19378769395051,202.6894019488875
2020-05-06 14:53:00+02:00,0,-0.9027777777777776,26.898368974413298,25.34345578074496,203.7549169412351
2020-05-06 14:55:00+02:00,0,-0.7638888888888888,27.13257867825408,25.499568673188534,204.80938468480426
2020-05-06 14:58:00+02:00,0,-0.6944444444444444,25.83878362267231,25.745557760747317,206.36983545801493
2020-05-06 15:00:00+02:00,0,-0.2777777777777778,25.85852863284083,25.917251289906986,207.39565751111087
2020-05-06 15:02:00+02:00,0,-0.1388888888888889,25.51784492177373,26.094960517647998,208.40968467015435
2020-05-06 15:04:00+02:00,0,0.0,25.38520499452753,26.27855991822593,209.41176444121402
2020-05-06 15:06:00+02:00,0,0.0,25.61626384009253,26.46792349701547,210.4017712636911
2020-05-06 15:08:00+02:00,0,0.06944444444444445,25.840365260333925,26.662924851800852,211.3796041448854
2020-05-06 15:10:00+02:00,0,0.06944444444444445,26.056999975158817,26.863437511930528,212.34518593871522
2020-05-06 15:12:00+02:00,0,0.2777777777777778,25.437806080470978,27.069335199401685,213.29846222515158
2020-05-06 15:14:00+02:00,0,0.3472222222222222,25.068619118048616,27.28049214650769,214.2394004808788
2020-05-06 15:16:00+02:00,0,1.6666666666666663,25.08713106158629,27.49678303615294,215.16798764147148
2020-05-06 15:18:00+02:00,0,-0.2083333333333333,23.596872989289157,27.718083635993224,216.0842308099535
2020-05-06 15:20:00+02:00,0,0.625,24.890226548598147,27.94427070883468,216.98815480298398
2020-05-06 15:22:00+02:00,0,0.625,23.76330733144656,28.175222255084712,217.87980127761557
2020-05-06 15:24:00+02:00,0,0.9027777777777776,23.88674026747773,28.410817671720885,218.75922756656828
2020-05-06 15:26:00+02:00,0,0.9027777777777776,23.989186197461265,28.650937973149624,219.62650580986977
2020-05-06 15:28:00+02:00,0,1.0416666666666663,23.666416784697613,28.8954655938727,220.48172067324197
2020-05-06 15:30:00+02:00,0,1.3194444444444444,23.571288912617717,29.1442849830498,221.32497000118553
2020-05-06 15:32:00+02:00,0,1.25,23.65728650099149,29.39728237899672,222.15636258572053
2020-05-06 15:34:00+02:00,0,1.5277777777777777,23.139147626896463,29.654345974080883,222.97601744564224
2020-05-06 15:36:00+02:00,0,1.8055555555555556,23.248243487724093,29.915366071998996,223.78406311171497
2020-05-06 15:38:00+02:00,0,2.430555555555556,23.550015271605158,30.180234796099505,224.58063561438357
2020-05-06 15:40:00+02:00,0,2.2222222222222223,22.81010940810768,30.4488466632721,225.36587922130337
2020-05-06 15:42:00+02:00,0,2.5,22.547581836475644,30.721098271252522,226.13994450024515
2020-05-06 15:44:00+02:00,0,2.8472222222222223,22.43088876947226,30.99688841592956,226.90298779957448
2020-05-06 15:46:00+02:00,0,2.8472222222222223,20.11051719526506,31.27611810922079,227.65517049079216
2020-05-06 15:48:00+02:00,0,3.1944444444444438,20.99364855142457,31.558690686942747,228.39665851104337
2020-05-06 15:51:00+02:00,0,3.4027777777777777,22.21801554221929,31.988610977084754,229.48920849321567
2020-05-06 15:53:00+02:00,0,3.611111111111111,22.447886674797214,32.279131760681764,230.20470635806348
2020-05-06 15:55:00+02:00,0,3.4722222222222214,21.94657921524643,32.57267423427996,230.91011407495486
2020-05-06 15:57:00+02:00,0,4.236111111111112,24.306107580380317,32.86915163313408,231.6056092025944
2020-05-06 15:59:00+02:00,0,3.75,22.103746907482048,33.16847947513364,232.2913707351947
2020-05-06 16:01:00+02:00,0,3.9583333333333335,21.62795027834065,33.47057513210649,232.96757774459795
2020-05-06 16:03:00+02:00,0,4.583333333333333,21.574504740767257,33.775358404902434,233.63441036052157
2020-05-06 16:05:00+02:00,0,4.166666666666666,21.39382064550909,34.08275109277667,234.29204848232249
2020-05-06 16:07:00+02:00,0,4.583333333333333,21.369278711308766,34.392677057608154,234.94067167122574
2020-05-06 16:09:00+02:00,0,4.791666666666667,21.31167681838536,34.70506219025245,235.5804588506939
2020-05-06 16:11:00+02:00,0,4.861111111111111,21.324503908956014,35.01983447659766,236.21158823653704
2020-05-06 16:13:00+02:00,0,5.1388888888888875,21.180886976745033,35.336923536236405,236.8342362468949
2020-05-06 16:15:00+02:00,0,5.208333333333333,20.7831325203382,35.656261214675304,237.44857854764115
2020-05-06 16:17:00+02:00,0,5.347222222222221,20.899660599903683,35.97778111977607,238.05478900257035
2020-05-06 16:19:00+02:00,0,5.347222222222221,20.862450176110002,36.30141868542577,238.65303971078393
2020-05-06 16:21:00+02:00,0,5.625,20.72123805162073,36.62711123608007,239.24350104267018
2020-05-06 16:23:00+02:00,0,5.6944444444444455,20.61936961361852,36.95479750646384,239.82634071397973
2020-05-06 16:25:00+02:00,0,6.111111111111112,20.37745110478002,37.28441825392503,240.40172485458206
2020-05-06 16:27:00+02:00,0,5.5555555555555545,20.417299016338998,37.61591577625417,240.9698171059314
2020-05-06 16:29:00+02:00,0,6.111111111111112,20.22419550414577,37.94923397920055,241.53077873539553
2020-05-06 16:31:00+02:00,0,6.3888888888888875,20.04974373898648,38.284318330735026,242.08476855719715
2020-05-06 16:33:00+02:00,0,6.458333333333332,19.93664897504749,38.62111593192725,242.63194305378
2020-05-06 16:35:00+02:00,0,6.666666666666666,19.929419453624803,38.95957502279349,243.17245559485895
2020-05-06 16:37:00+02:00,0,6.527777777777778,20.289083110540414,39.299645615354315,243.7064574943673
2020-05-06 16:39:00+02:00,0,7.638888888888888,22.142290308012036,39.64127900329929,244.2340972479907
2020-05-06 16:41:00+02:00,0,7.638888888888888,22.064649187422447,39.984427831312395,244.75552069271333
2020-05-06 16:44:00+02:00,0,6.3888888888888875,20.05545131653633,40.501892268082024,245.5263128964852
2020-05-06 16:46:00+02:00,0,6.875000000000001,21.050706481546737,40.84863102856859,246.0328160663858
2020-05-06 16:48:00+02:00,0,5.902777777777778,18.899223946850384,41.196729556892784,246.5335923025678
2020-05-06 16:50:00+02:00,0,7.5,18.423182171956626,41.54614609396128,247.02877541891797
2020-05-06 16:52:00+02:00,0,6.736111111111112,18.71639467829391,41.89684001898252,247.51849657706305
2020-05-06 16:54:00+02:00,0,5.625,18.83573534672712,42.248771816164144,248.00288430881767
2020-05-06 16:56:00+02:00,0,7.083333333333334,16.787547109398847,42.60190315598353,248.48206469556843
2020-05-06 16:58:00+02:00,0,6.25,18.859889017186106,42.95619638803654,248.9561607551376
2020-05-06 17:00:00+02:00,0,4.861111111111111,19.086839034713734,43.31161521912301,249.42529343645847
2020-05-06 17:02:00+02:00,0,7.430555555555557,16.679899828352347,43.6681242057146,249.889581004867
2020-05-06 17:04:00+02:00,0,7.916666666666668,17.734046756751184,44.02568884159803,250.34913923960323
2020-05-06 17:06:00+02:00,0,6.3888888888888875,17.785363430367056,44.38427564866227,250.80408162358947
2020-05-06 17:08:00+02:00,0,7.916666666666668,18.29196210372916,44.743851663466536,251.25451877031284
2020-05-06 17:10:00+02:00,0,7.0138888888888875,19.139718469532994,45.10438513244051,251.7005593824139
2020-05-06 17:12:00+02:00,0,8.541666666666668,18.30011997971738,45.46584500083701,252.1423096783221
2020-05-06 17:14:00+02:00,0,9.166666666666666,17.420126410896785,45.828201006519095,252.57987358910322
2020-05-06 17:16:00+02:00,0,9.375,17.129886347599097,46.19142365454114,253.0133528027692
2020-05-06 17:18:00+02:00,0,8.333333333333332,17.354890834218452,46.55548431133678,253.44284694852166
2020-05-06 17:20:00+02:00,0,7.847222222222222,17.73075987223757,46.920354693995655,253.86845306949368
2020-05-06 17:22:00+02:00,0,7.847222222222222,17.515433633235347,47.28600757617277,254.29026652843137
2020-05-06 17:24:00+02:00,0,6.944444444444443,17.768518784356786,47.6524162777568,254.70838047629485
2020-05-06 17:26:00+02:00,0,6.458333333333332,17.947508298483683,48.019554765183095,255.12288604282668
2020-05-06 17:28:00+02:00,0,7.3611111111111125,17.321406506894814,48.387397627083494,255.53387237851823
2020-05-06 17:30:00+02:00,0,8.819444444444445,17.445315516117606,48.75592017946525,255.94142683832814
2020-05-06 17:32:00+02:00,0,7.0138888888888875,18.33563502551641,49.125097948241425,256.34563447784694
2020-05-06 17:34:00+02:00,0,8.819444444444445,17.217401284241873,49.494907391724645,256.74657891829463
2020-05-06 17:37:00+02:00,0,7.291666666666668,16.896903889972748,50.05075551194528,257.3420552817968
2020-05-06 17:39:00+02:00,0,8.75,17.246193916330586,50.42204412402711,257.73519525472227
2020-05-06 17:41:00+02:00,0,8.333333333333332,16.185612583686463,50.793885860677506,258.12535045167084
2020-05-06 17:43:00+02:00,0,8.402777777777779,16.373175511826787,51.1662591051065,258.51259632522294
2020-05-06 17:45:00+02:00,0,9.166666666666666,16.481232525480834,51.539143078892316,258.8970071109618
2020-05-06 17:47:00+02:00,0,8.888888888888891,16.815943291618453,51.912517324821835,259.27865534124436
2020-05-06 17:49:00+02:00,0,7.777777777777778,15.650796408022304,52.2863618169326,259.6576120175346
2020-05-06 17:51:00+02:00,0,6.666666666666666,16.617149248653902,52.66065707198686,260.0339467764098
2020-05-06 17:53:00+02:00,0,8.75,14.495033370558643,53.03538363020456,260.40772742175494
2020-05-06 17:55:00+02:00,0,8.26388888888889,15.810312487472684,53.41052279693142,260.7790207224503
2020-05-06 17:57:00+02:00,0,9.166666666666666,14.93392936302979,53.78605612454817,261.14789194139274
2020-05-06 17:59:00+02:00,0,7.847222222222222,16.27968221149382,54.161965525683016,261.51440499952497
2020-05-06 18:01:00+02:00,0,8.888888888888891,16.180481390434693,54.53823326136684,261.87862251243627
2020-05-06 18:03:00+02:00,0,9.444444444444443,16.07310807686957,54.91484205243977,262.24060594383945
2020-05-06 18:05:00+02:00,0,9.444444444444443,15.97288854241458,55.291774565081234,262.6004151576753
2020-05-06 18:07:00+02:00,0,9.652777777777779,15.852924947009967,55.669014154256885,262.95810917728545
2020-05-06 18:09:00+02:00,0,9.583333333333334,15.810023497824089,56.04654434850056,263.3137457328863
2020-05-06 18:11:00+02:00,0,9.652777777777779,15.765253862131658,56.42434896613876,263.66738141616037
2020-05-06 18:13:00+02:00,0,9.722222222222221,15.659645547098364,56.80241210224894,264.01907170914694
2020-05-06 18:15:00+02:00,0,9.722222222222221,15.611552685413587,57.1807182479574,264.3688711342577
2020-05-06 18:17:00+02:00,0,9.722222222222221,15.513926607754856,57.55925177058439,264.7168328132491
2020-05-06 18:19:00+02:00,0,9.791666666666666,15.451999661460777,57.93799766600606,265.06300920089535
2020-05-06 18:21:00+02:00,0,9.930555555555557,15.387759185030518,58.31694104303852,265.4074516445473
2020-05-06 18:23:00+02:00,0,9.930555555555557,15.33235893591359,58.696067238603646,265.75021052711605
2020-05-06 18:25:00+02:00,0,10.069444444444443,15.207307254644206,59.075361938956746,266.09133541075107
2020-05-06 18:27:00+02:00,0,10.138888888888891,15.192881380122971,59.45481065980396,266.4308746039427
2020-05-06 18:30:00+02:00,0,10.138888888888891,14.939664283917866,60.02424213972566,266.93731444495853
2020-05-06 18:32:00+02:00,0,10.555555555555557,14.93923060151576,60.40401529241399,267.27309630948275
2020-05-06 18:34:00+02:00,0,10.625,14.969682494694496,60.7838943407035,267.6074556791755
2020-05-06 18:36:00+02:00,0,11.388888888888891,15.177555108210926,61.163866037666594,267.94043741789494
2020-05-06 18:38:00+02:00,0,12.222222222222221,15.502595161793694,61.54391692180182,268.27208527719455
2020-05-06 18:40:00+02:00,0,12.222222222222221,15.77228597963665,61.92403407715125,268.60244259097107
2020-05-06 18:42:00+02:00,0,11.875,16.04132391875379,62.30420461432713,268.9315518480331
2020-05-06 18:44:00+02:00,0,11.597222222222221,16.089668352916707,62.68441579222987,269.25945482610894
2020-05-06 18:46:00+02:00,0,11.180555555555555,16.153077769691382,63.06465501253897,269.58619261340806
2020-05-06 18:48:00+02:00,0,10.972222222222221,15.952819543807097,63.444909938736174,269.9118057359259
2020-05-06 18:50:00+02:00,0,10.972222222222221,15.825977246304204,63.825167981317094,270.236333741958
2020-05-06 18:52:00+02:00,0,10.486111111111109,15.363622011440384,64.20541705634669,270.5598158759255
2020-05-06 18:54:00+02:00,0,10.277777777777775,14.442729325742905,64.58564506925772,270.8822906596488
2020-05-06 18:56:00+02:00,0,10.347222222222221,13.972575197297488,64.96584003801185,271.2037960210473
2020-05-06 18:58:00+02:00,0,10.347222222222221,14.08140367557161,65.34599008502641,271.5243693097201
2020-05-06 19:00:00+02:00,0,10.486111111111109,14.180218853570635,65.7260835619688,271.84404742359527
2020-05-06 19:02:00+02:00,0,10.625,14.238378898750115,66.1061085322138,272.1628663951858
2020-05-06 19:04:00+02:00,0,10.833333333333332,14.16417616275902,66.48605353134278,272.4808620519169
2020-05-06 19:06:00+02:00,0,10.972222222222221,14.116681760344706,66.8659070533654,272.79806960392136
2020-05-06 19:08:00+02:00,0,10.972222222222221,14.081703455963122,67.2456576707136,273.11452376481026
2020-05-06 19:10:00+02:00,0,10.972222222222221,14.011406265079986,67.62529415950361,273.4302588749
2020-05-06 19:12:00+02:00,0,10.972222222222221,13.957160545619502,68.00480498320636,273.74530849066923
2020-05-06 19:14:00+02:00,0,10.902777777777775,13.946841453437912,68.38417905280315,274.0597060351497
2020-05-06 19:16:00+02:00,0,10.902777777777775,13.903625220116394,68.76340521412051,274.37348438910374
2020-05-06 19:18:00+02:00,0,10.902777777777775,13.873990175974145,69.14247236822652,274.6866760085806
2020-05-06 19:20:00+02:00,0,10.763888888888891,13.811545936490516,69.52136946992657,274.99931294052857
2020-05-06 19:23:00+02:00,0,10.486111111111109,13.638750680512487,70.08937235441832,275.46729752967104
2020-05-06 19:25:00+02:00,0,10.486111111111109,13.620433652087511,70.46779630338774,275.77868536810945
2020-05-06 19:27:00+02:00,0,10.347222222222221,13.554305904824504,70.84601189014035,276.0896276338185
2020-05-06 19:29:00+02:00,0,10.208333333333334,13.549548095299823,71.22400825231038,276.40015468194395
2020-05-06 19:31:00+02:00,0,10.0,13.497710498347544,71.60177455849235,276.7102965253654
2020-05-06 19:33:00+02:00,0,9.930555555555557,13.427921529491586,71.97930012845991,277.02008294768757
2020-05-06 19:35:00+02:00,0,9.722222222222221,13.391112088173545,72.35657392598553,277.3295431011242
2020-05-06 19:37:00+02:00,0,9.513888888888891,13.381445686426954,72.73358531216245,277.6387061383162
2020-05-06 19:39:00+02:00,0,9.375,13.325380486494966,73.11032353641602,277.9476008079881
2020-05-06 19:41:00+02:00,0,9.166666666666666,13.28589876501809,73.48677786057925,278.2562555698323
2020-05-06 19:43:00+02:00,0,8.888888888888891,13.218845034740696,73.86293755328225,278.5646986026382
2020-05-06 19:45:00+02:00,0,8.680555555555555,13.20455220818235,74.2387920134874,278.8729579180683
2020-05-06 19:47:00+02:00,0,8.541666666666668,13.206883250684085,74.61433026411649,279.1810609574917
2020-05-06 19:49:00+02:00,0,8.402777777777779,13.145515305717426,74.989541702395,279.48903521921864
2020-05-06 19:51:00+02:00,0,8.125,13.057549209950876,75.36441559511631,279.79690785617703
2020-05-06 19:53:00+02:00,0,7.847222222222222,13.093884727726618,75.73894119896771,280.10470578592157
2020-05-06 19:55:00+02:00,0,7.777777777777778,13.097454074030225,76.11310788377563,280.4124558031028
2020-05-06 19:57:00+02:00,0,7.430555555555557,13.088310129774186,76.48690462859176,280.72018417576726
2020-05-06 19:59:00+02:00,0,7.3611111111111125,13.126548802797176,76.86032076887633,281.02791727045087
2020-05-06 20:01:00+02:00,0,6.944444444444443,13.073072460155744,77.23334549420643,281.33568114948207
2020-05-06 20:03:00+02:00,0,6.736111111111112,13.0229371266974,77.60596796824814,281.64350167972174
2020-05-06 20:05:00+02:00,0,6.527777777777778,12.948785488994416,77.9781773267482,281.95140454077966
2020-05-06 20:07:00+02:00,0,6.3194444444444455,12.814223472836831,78.34996280014431,282.25941533633153
2020-05-06 20:09:00+02:00,0,6.1805555555555545,12.823218786152664,78.72131320965997,282.5675591859509
2020-05-06 20:11:00+02:00,0,6.041666666666668,12.852814497863221,79.09221771503557,282.87586135379235
2020-05-06 20:13:00+02:00,0,5.763888888888888,12.85889927828589,79.46266531042073,283.1843468401357
2020-05-06 20:16:00+02:00,0,5.416666666666666,12.688562731767375,80.01745581643549,283.64747310439213
2020-05-06 20:18:00+02:00,0,4.722222222222221,12.60852580016467,80.38671282378952,283.9565253769133
2020-05-06 20:20:00+02:00,0,4.722222222222221,12.694771752570546,80.75547392203555,284.26584719865747
2020-05-06 20:22:00+02:00,0,4.166666666666666,12.657243628130288,81.12372801527486,284.5754630320147
2020-05-06 20:24:00+02:00,0,3.9583333333333335,12.241971909180677,81.49146382673868,284.88539710786165
2020-05-06 20:26:00+02:00,0,3.8194444444444446,12.179818834391424,81.8586700226716,285.1956735368985
2020-05-06 20:28:00+02:00,0,3.4722222222222214,12.159243333483062,82.2253352071462,285.50631631289224
2020-05-06 20:30:00+02:00,0,3.125,12.096809495655975,82.5914480429872,285.81734942299124
2020-05-06 20:32:00+02:00,0,2.8472222222222223,12.2818595776464,82.95699675925377,286.1287964362693
2020-05-06 20:34:00+02:00,0,2.3611111111111107,12.2439285888467,83.32196988260738,286.44068113215366
2020-05-06 20:36:00+02:00,0,2.1527777777777777,12.382592196763484,83.68635574616376,286.7530270903664
2020-05-06 20:38:00+02:00,0,2.2222222222222223,12.078340879812856,84.05014260723358,287.0658577975486
2020-05-06 20:40:00+02:00,0,2.2222222222222223,11.898485872871163,84.41331876736028,287.37919675757723
2020-05-06 20:42:00+02:00,0,2.1527777777777777,11.841732530004547,84.77587208375904,287.6930670761496
2020-05-06 20:44:00+02:00,0,1.9444444444444444,11.890419411447455,85.13779069493748,288.0074920930645
2020-05-06 20:46:00+02:00,0,1.0416666666666663,11.884301088675445,85.49906253345674,288.32249496830667
2020-05-06 20:48:00+02:00,0,0.8333333333333333,12.632638650056208,85.8596754428119,288.6380987886267
2020-05-06 20:50:00+02:00,0,1.1805555555555556,12.462289868929075,86.21961717583405,288.95432657191424
2020-05-06 20:52:00+02:00,0,0.5555555555555556,12.264475431660399,86.57887551339982,289.27120137776444
2020-05-06 20:54:00+02:00,0,1.3194444444444444,12.349703033256676,86.93743777792572,289.58874588341524
2020-05-06 20:56:00+02:00,0,1.4583333333333333,12.079391878479724,87.29529155617851,289.90698302657285
2020-05-06 20:58:00+02:00,0,1.9444444444444444,11.567695134918154,87.65242421227931,290.22593558144195
2020-05-06 21:00:00+02:00,0,1.3888888888888888,11.761708186412024,88.00882300677009,290.5456262684701
2020-05-06 21:02:00+02:00,0,0.625,11.447369680589759,88.36447521410291,290.8660778653238
2020-05-06 21:04:00+02:00,0,0.1388888888888889,11.72014208186232,88.71936764108425,291.18731277717484
2020-05-06 21:06:00+02:00,0,-0.06944444444444445,12.093883324875266,89.07348734245117,291.5093536859392
2020-05-06 21:09:00+02:00,0,-0.6944444444444444,12.341650891335915,89.60318917203911,291.9939755637784
2020-05-06 21:11:00+02:00,0,-1.1805555555555556,12.328849697045767,89.95531914494404,292.31812993724975
2020-05-06 21:13:00+02:00,0,-1.4583333333333333,12.10297959761948,90.30662975082427,292.64316897707334
2020-05-06 21:15:00+02:00,0,-1.875,11.677864454888383,90.65710750965445,292.96911517940714
2020-05-06 21:17:00+02:00,0,-2.430555555555556,10.742905292129306,91.00673846498685,293.29599067584945
